,Age,Passenger Class,Sex,No of Siblings or Spouses on Board,No of Parents or Children on Board,Passenger Fare,Survived
0,29.0,0,0,0,0,211.3375,Yes
1,2.0,0,0,1,2,151.55,No
2,30.0,0,1,1,2,151.55,No
3,25.0,0,0,1,2,151.55,No
4,48.0,0,1,0,0,26.55,Yes
5,63.0,0,0,1,0,77.9583,Yes
6,39.0,0,1,0,0,0.0,No
7,18.0,0,0,1,0,227.525,Yes
8,26.0,0,0,0,0,78.85,Yes
9,80.0,0,1,0,0,30.0,Yes
10,29.8811345124283,0,1,0,0,25.925,No
11,24.0,0,1,0,1,247.5208,No
12,50.0,0,0,0,1,247.5208,Yes
13,32.0,0,0,0,0,76.2917,Yes
14,36.0,0,1,0,0,75.2417,No
15,37.0,0,1,1,1,52.5542,Yes
16,26.0,0,1,0,0,30.0,Yes
17,42.0,0,0,0,0,227.525,Yes
18,29.0,0,0,0,0,221.7792,Yes
19,25.0,0,1,1,0,91.0792,Yes
20,19.0,0,0,1,0,91.0792,Yes
21,35.0,0,0,0,0,135.6333,Yes
22,28.0,0,1,0,0,26.55,Yes
23,45.0,0,1,0,0,35.5,No
24,40.0,0,1,0,0,31.0,Yes
25,30.0,0,0,0,0,164.8667,Yes
26,58.0,0,0,0,0,26.55,Yes
27,42.0,0,1,0,0,26.55,No
28,22.0,0,0,0,1,55.0,Yes
29,29.8811345124283,0,1,0,0,26.55,Yes
30,41.0,0,1,0,0,30.5,No
31,48.0,0,1,0,0,50.4958,No
32,29.8811345124283,0,1,0,0,39.6,No
33,59.0,0,0,2,0,51.4792,Yes
34,60.0,0,0,0,0,76.2917,Yes
35,29.8811345124283,0,1,0,0,31.0,No
36,42.0,0,1,0,0,26.2875,Yes
37,53.0,0,0,0,0,27.4458,Yes
38,36.0,0,1,0,1,512.3292,Yes
39,28.0,0,1,0,0,47.1,No
40,17.0,0,1,0,0,47.1,No
41,11.0,0,1,1,2,120.0,Yes
42,36.0,0,1,1,2,120.0,Yes
43,36.0,0,0,1,2,120.0,Yes
44,49.0,0,1,0,0,26.0,No
45,36.0,0,1,1,0,78.85,No
46,76.0,0,0,1,0,78.85,Yes
47,46.0,0,1,1,0,61.175,No
48,47.0,0,0,1,0,61.175,Yes
49,27.0,0,1,1,0,53.1,Yes
50,36.0,0,0,0,0,262.375,Yes
51,30.0,0,0,0,0,86.5,Yes
52,29.8811345124283,0,0,0,1,55.0,Yes
53,29.8811345124283,0,1,0,0,0.0,No
54,27.0,0,1,1,0,136.7792,No
55,26.0,0,0,1,0,136.7792,Yes
56,22.0,0,0,0,0,151.55,Yes
57,29.8811345124283,0,1,0,0,52.0,No
58,39.0,0,0,1,1,83.1583,Yes
59,37.0,0,1,1,1,83.1583,No
60,64.0,0,0,0,2,83.1583,Yes
61,55.0,0,0,2,0,25.7,Yes
62,29.8811345124283,0,1,0,0,26.55,No
63,70.0,0,1,1,1,71.0,No
64,39.0,0,1,1,0,71.2833,No
65,38.0,0,0,1,0,71.2833,Yes
66,51.0,0,1,0,0,26.55,Yes
67,33.0,0,0,0,0,151.55,Yes
68,31.0,0,1,1,0,52.0,No
69,27.0,0,0,1,2,52.0,Yes
70,31.0,0,1,1,0,57.0,Yes
71,17.0,0,0,1,0,57.0,Yes
72,53.0,0,1,1,1,81.8583,Yes
73,4.0,0,1,0,2,81.8583,Yes
74,48.0,0,0,1,0,106.425,Yes
75,48.0,0,0,1,0,39.6,Yes
76,49.0,0,1,1,0,56.9292,Yes
77,39.0,0,1,0,0,29.7,No
78,23.0,0,0,0,1,83.1583,Yes
79,54.0,0,0,1,0,78.2667,Yes
80,36.0,0,0,0,0,31.6792,No
81,29.8811345124283,0,1,0,0,221.7792,No
82,29.8811345124283,0,0,0,0,110.8833,Yes
83,36.0,0,1,0,0,26.3875,Yes
84,24.0,0,0,3,2,263.0,Yes
85,23.0,0,0,3,2,263.0,Yes
86,19.0,0,1,3,2,263.0,No
87,64.0,0,1,1,4,263.0,No
88,60.0,0,0,1,4,263.0,Yes
89,30.0,0,0,0,0,56.9292,Yes
90,29.8811345124283,0,1,0,0,26.55,No
91,50.0,0,1,2,0,133.65,Yes
92,43.0,0,1,1,0,27.7208,Yes
93,22.0,0,0,0,2,49.5,Yes
94,60.0,0,1,1,1,79.2,Yes
95,48.0,0,0,1,1,79.2,Yes
96,29.8811345124283,0,1,0,0,0.0,No
97,37.0,0,1,1,0,53.1,No
98,47.0,0,1,0,0,38.5,No
99,35.0,0,0,0,0,211.5,Yes
100,22.0,0,0,0,1,59.4,Yes
101,45.0,0,0,0,1,59.4,Yes
102,24.0,0,1,0,0,79.2,No
103,49.0,0,1,1,0,89.1042,Yes
104,29.8811345124283,0,0,1,0,89.1042,Yes
105,71.0,0,1,0,0,34.6542,No
106,53.0,0,1,0,0,28.5,Yes
107,38.0,0,1,0,1,153.4625,No
108,58.0,0,0,0,1,153.4625,Yes
109,45.0,0,0,0,1,63.3583,Yes
110,46.0,0,1,0,0,79.2,No
111,25.0,0,1,1,0,55.4417,Yes
112,25.0,0,0,1,0,55.4417,Yes
113,48.0,0,1,1,0,76.7292,Yes
114,29.8811345124283,0,1,0,0,42.4,No
115,27.0,0,1,0,0,76.7292,Yes
116,29.8811345124283,0,1,0,0,30.0,Yes
117,24.0,0,0,0,0,83.1583,Yes
118,55.0,0,1,1,1,93.5,No
119,52.0,0,0,1,1,93.5,Yes
120,42.0,0,1,0,0,42.5,No
121,29.8811345124283,0,1,0,0,51.8625,No
122,16.0,0,0,0,1,57.9792,Yes
123,51.0,0,0,1,0,77.9583,Yes
124,42.0,0,1,1,0,52.0,No
125,35.0,0,0,1,0,52.0,Yes
126,35.0,0,1,0,0,26.55,Yes
127,38.0,0,1,1,0,90.0,Yes
128,29.8811345124283,0,1,0,0,30.6958,No
129,35.0,0,0,1,0,90.0,Yes
130,38.0,0,0,0,0,80.0,Yes
131,49.0,0,1,0,0,0.0,Yes
132,46.0,0,1,0,0,26.0,No
133,50.0,0,1,0,0,26.0,No
134,58.0,0,1,0,0,29.7,No
135,29.8811345124283,0,0,1,0,51.8625,Yes
136,42.0,0,1,1,0,52.5542,Yes
137,29.8811345124283,0,1,0,0,26.55,No
138,30.0,0,0,0,0,106.425,Yes
139,29.8811345124283,0,1,0,0,27.7208,No
140,42.0,0,1,0,0,26.55,No
141,16.0,0,0,0,1,39.4,Yes
142,51.0,0,0,0,1,39.4,Yes
143,29.0,0,1,0,0,30.0,No
144,15.0,0,0,0,1,211.3375,Yes
145,30.0,0,1,0,0,26.0,No
146,29.8811345124283,0,1,0,0,29.7,Yes
147,19.0,0,1,1,0,53.1,No
148,18.0,0,0,1,0,53.1,Yes
149,24.0,0,0,0,0,49.5042,Yes
150,54.0,0,1,0,0,51.8625,No
151,29.8811345124283,0,0,1,0,82.1708,Yes
152,44.0,0,1,2,0,90.0,No
153,33.0,0,0,1,0,90.0,Yes
154,37.0,0,0,1,0,90.0,Yes
155,30.0,0,1,1,0,57.75,Yes
156,55.0,0,1,0,0,30.5,No
157,47.0,0,1,0,0,42.4,No
158,37.0,0,1,0,1,29.7,No
159,58.0,0,1,0,2,113.275,No
160,19.0,0,0,0,2,26.2833,Yes
161,64.0,0,1,0,0,26.0,No
162,29.8811345124283,0,1,0,0,25.7417,Yes
163,22.0,0,0,0,1,61.9792,Yes
164,65.0,0,1,0,1,61.9792,No
165,29.8811345124283,0,1,0,0,0.0,No
166,45.5,0,1,0,0,28.5,No
167,23.0,0,1,0,0,93.5,No
168,29.0,0,1,1,0,66.6,No
169,22.0,0,0,1,0,66.6,Yes
170,18.0,0,1,1,0,108.9,No
171,17.0,0,0,1,0,108.9,Yes
172,30.0,0,0,0,0,93.5,Yes
173,52.0,0,1,0,0,30.5,Yes
174,47.0,0,1,0,0,52.0,No
175,56.0,0,0,0,1,83.1583,Yes
176,22.0,0,1,0,0,135.6333,No
177,29.8811345124283,0,1,0,0,227.525,No
178,45.0,0,1,0,0,26.55,Yes
179,29.8811345124283,0,1,0,0,50.0,No
180,33.0,0,0,0,0,27.7208,Yes
181,46.0,0,1,0,0,79.2,No
182,36.0,0,1,0,0,40.125,No
183,33.0,0,0,0,0,86.5,Yes
184,55.0,0,1,1,0,59.4,No
185,54.0,0,0,1,0,59.4,Yes
186,33.0,0,1,0,0,26.55,No
187,13.0,0,1,2,2,262.375,Yes
188,18.0,0,0,2,2,262.375,Yes
189,61.0,0,1,1,3,262.375,No
190,48.0,0,0,1,3,262.375,Yes
191,24.0,0,0,0,0,69.3,Yes
192,35.0,0,0,1,0,57.75,Yes
193,30.0,0,0,0,0,31.0,Yes
194,34.0,0,1,0,0,26.55,Yes
195,40.0,0,0,0,0,153.4625,Yes
196,35.0,0,1,0,0,26.2875,Yes
197,50.0,0,1,1,0,55.9,No
198,56.0,0,1,0,0,26.55,No
199,24.0,0,1,1,0,60.0,No
200,29.8811345124283,0,1,0,0,26.0,No
201,23.0,0,0,1,0,82.2667,Yes
202,45.0,0,1,1,1,134.5,Yes
203,40.0,0,0,1,1,134.5,Yes
204,57.0,0,1,1,0,146.5208,No
205,29.8811345124283,0,0,1,0,146.5208,Yes
206,62.0,0,1,0,0,26.55,No
207,54.0,0,1,1,0,55.4417,Yes
208,43.0,0,0,1,0,55.4417,Yes
209,29.8811345124283,0,1,0,0,27.7208,No
210,62.0,0,0,0,0,80.0,Yes
211,67.0,0,1,1,0,221.7792,No
212,63.0,0,0,1,0,221.7792,No
213,18.0,0,0,0,2,79.65,Yes
214,48.0,0,1,1,0,52.0,Yes
215,29.8811345124283,0,0,1,0,52.0,Yes
216,49.0,0,1,1,1,110.8833,No
217,17.0,0,1,0,2,110.8833,Yes
218,39.0,0,0,1,1,110.8833,Yes
219,29.8811345124283,0,0,0,0,79.2,Yes
220,31.0,0,1,0,0,28.5375,Yes
221,40.0,0,1,0,0,27.7208,No
222,61.0,0,1,0,0,33.5,No
223,47.0,0,1,0,0,34.0208,No
224,35.0,0,0,0,0,512.3292,Yes
225,64.0,0,1,1,0,75.25,No
226,60.0,0,0,1,0,75.25,Yes
227,54.0,0,1,0,1,77.2875,No
228,21.0,0,1,0,1,77.2875,No
229,55.0,0,0,0,0,135.6333,Yes
230,57.0,0,1,1,1,164.8667,No
231,45.0,0,0,1,1,164.8667,Yes
232,50.0,0,1,1,1,211.5,No
233,21.0,0,0,0,0,26.55,Yes
234,51.0,0,1,0,1,61.3792,No
235,21.0,0,1,0,1,61.3792,Yes
236,29.8811345124283,0,1,0,0,35.0,No
237,31.0,0,0,0,0,134.5,Yes
238,29.8811345124283,0,1,0,0,35.5,Yes
239,62.0,0,1,0,0,26.55,No
240,36.0,0,0,0,0,135.6333,Yes
241,30.0,1,1,1,0,24.0,No
242,30.0,1,1,0,0,13.0,No
243,18.0,1,1,0,0,11.5,No
244,25.0,1,1,0,0,10.5,No
245,36.0,1,0,1,0,26.0,Yes
246,18.0,1,1,0,0,11.5,No
247,23.0,1,1,0,0,10.5,No
248,36.0,1,0,0,0,13.0,Yes
249,28.0,1,1,0,0,10.5,No
250,51.0,1,1,0,0,12.525,No
251,32.0,1,1,1,0,26.0,Yes
252,1.0,1,1,2,1,39.0,Yes
253,4.0,1,0,2,1,39.0,Yes
254,12.0,1,0,2,1,39.0,Yes
255,36.0,1,0,0,3,39.0,Yes
256,19.0,1,0,0,0,13.0,Yes
257,23.0,1,1,0,0,13.0,No
258,26.0,1,1,0,0,13.0,No
259,42.0,1,1,0,0,13.0,No
260,27.0,1,1,0,0,13.0,No
261,15.0,1,0,0,2,39.0,Yes
262,60.0,1,1,1,1,39.0,No
263,40.0,1,0,1,1,39.0,Yes
264,20.0,1,0,1,0,26.0,Yes
265,25.0,1,1,1,0,26.0,No
266,36.0,1,0,0,0,13.0,Yes
267,25.0,1,1,0,0,13.0,No
268,42.0,1,1,0,0,13.0,No
269,42.0,1,0,0,0,13.0,Yes
270,26.0,1,1,1,1,29.0,Yes
271,22.0,1,0,1,1,29.0,Yes
272,29.8811345124283,1,1,0,0,0.0,No
273,19.0,1,1,0,0,13.0,No
274,52.0,1,1,0,0,13.5,No
275,29.0,1,0,1,0,26.0,No
276,25.0,1,0,1,1,30.0,Yes
277,28.0,1,0,1,0,26.0,Yes
278,29.0,1,1,0,0,10.5,No
279,28.0,1,1,0,0,13.0,No
280,8.0,1,0,0,2,26.25,Yes
281,31.0,1,1,1,1,26.25,No
282,30.0,1,0,0,0,13.0,No
283,29.8811345124283,1,0,0,0,21.0,No
284,21.0,1,1,0,0,11.5,No
285,48.0,1,0,0,2,36.75,Yes
286,28.0,1,0,0,0,13.0,Yes
287,32.0,1,1,0,0,13.0,No
288,18.0,1,0,0,1,23.0,Yes
289,54.0,1,1,0,0,26.0,No
290,42.0,1,1,1,1,32.5,No
291,27.0,1,0,1,0,13.8583,Yes
292,21.0,1,1,0,0,13.0,No
293,18.0,1,1,0,0,13.0,No
294,40.0,1,1,1,0,26.0,No
295,18.0,1,1,0,0,10.5,No
296,36.0,1,1,0,0,13.0,No
297,29.8811345124283,1,1,0,0,0.0,No
298,38.0,1,0,0,0,13.0,No
299,38.0,1,1,1,0,21.0,No
300,34.0,1,1,1,0,21.0,No
301,16.0,1,1,0,0,26.0,No
302,26.0,1,1,0,0,10.5,No
303,47.0,1,1,0,0,10.5,No
304,21.0,1,1,1,0,11.5,No
305,24.0,1,1,0,0,13.0,No
306,34.0,1,1,0,0,13.0,No
307,30.0,1,1,0,0,13.0,No
308,52.0,1,1,0,0,13.0,No
309,30.0,1,1,0,0,13.0,No
310,0.6667,1,1,1,1,14.5,Yes
311,44.0,1,1,0,0,13.0,No
312,62.0,1,1,0,0,10.5,Yes
313,30.0,1,1,0,0,10.5,No
314,7.0,1,0,0,2,26.25,Yes
315,43.0,1,1,1,1,26.25,No
316,45.0,1,0,1,1,26.25,Yes
317,24.0,1,0,1,2,65.0,Yes
318,55.0,1,0,0,0,16.0,Yes
319,24.0,1,1,2,0,73.5,No
320,32.0,1,1,2,0,73.5,No
321,21.0,1,1,2,0,73.5,No
322,18.0,1,0,1,1,13.0,No
323,20.0,1,0,2,1,23.0,Yes
324,23.0,1,1,2,1,11.5,No
325,36.0,1,1,0,0,13.0,No
326,50.0,1,1,0,0,13.0,No
327,44.0,1,1,1,0,26.0,No
328,21.0,1,1,0,0,73.5,No
329,42.0,1,1,0,0,13.0,Yes
330,63.0,1,1,1,0,26.0,No
331,60.0,1,0,1,0,26.0,No
332,33.0,1,1,0,0,12.275,No
333,17.0,1,0,0,0,10.5,Yes
334,24.0,1,0,2,1,27.0,Yes
335,47.0,1,1,0,0,15.0,No
336,24.0,1,1,2,0,31.5,No
337,22.0,1,1,2,0,31.5,No
338,32.0,1,1,0,0,10.5,No
339,23.0,1,0,0,0,13.7917,Yes
340,34.0,1,1,1,0,26.0,No
341,22.0,1,0,0,0,21.0,No
342,29.8811345124283,1,0,0,0,12.35,Yes
343,35.0,1,1,0,0,12.35,No
344,45.0,1,0,0,0,13.5,Yes
345,57.0,1,1,0,0,12.35,No
346,29.8811345124283,1,1,0,0,0.0,No
347,26.0,1,0,1,1,26.0,No
348,30.0,1,1,1,1,26.0,No
349,29.8811345124283,1,1,0,0,10.7083,No
350,1.0,1,0,1,2,41.5792,Yes
351,3.0,1,0,1,2,41.5792,Yes
352,25.0,1,1,1,2,41.5792,No
353,17.0,1,0,0,0,12.0,Yes
354,29.8811345124283,1,0,0,0,33.0,Yes
355,34.0,1,0,0,0,10.5,Yes
356,36.0,1,1,0,0,12.875,No
357,24.0,1,1,0,0,10.5,No
358,61.0,1,1,0,0,12.35,No
359,57.0,1,0,0,0,10.5,No
360,29.8811345124283,1,1,0,0,15.0458,No
361,1.0,1,1,0,2,37.0042,Yes
362,24.0,1,0,1,1,37.0042,Yes
363,40.0,1,1,0,0,16.0,No
364,30.0,1,1,0,0,13.0,No
365,46.0,1,1,0,0,26.0,No
366,13.0,1,0,0,1,19.5,Yes
367,41.0,1,0,0,1,19.5,Yes
368,70.0,1,1,0,0,10.5,No
369,27.0,1,1,0,0,13.0,No
370,54.0,1,1,0,0,14.0,No
371,39.0,1,1,0,0,26.0,No
372,16.0,1,1,0,0,10.5,No
373,62.0,1,1,0,0,9.6875,No
374,26.0,1,1,0,0,13.0,No
375,19.0,1,1,1,1,36.75,No
376,29.0,1,0,0,0,10.5,Yes
377,39.0,1,1,0,0,13.0,No
378,29.8811345124283,1,1,0,0,13.8625,Yes
379,29.0,1,1,0,0,13.8583,Yes
380,28.0,1,1,0,0,10.5,No
381,29.8811345124283,1,1,0,0,0.0,No
382,50.0,1,0,0,1,26.0,Yes
383,29.8811345124283,1,1,0,0,15.05,No
384,41.0,1,1,0,0,13.0,No
385,21.0,1,0,0,1,21.0,Yes
386,19.0,1,0,0,0,26.0,Yes
387,43.0,1,1,0,1,21.0,No
388,30.0,1,1,0,0,12.7375,Yes
389,27.0,1,1,0,0,15.0333,No
390,2.0,1,0,1,1,26.0,Yes
391,8.0,1,0,1,1,26.0,Yes
392,33.0,1,0,0,2,26.0,Yes
393,36.0,1,1,0,0,10.5,No
394,34.0,1,1,1,0,21.0,No
395,30.0,1,0,3,0,21.0,Yes
396,28.0,1,0,0,0,13.0,Yes
397,23.0,1,1,0,0,15.0458,No
398,3.0,1,1,1,1,18.75,Yes
399,24.0,1,0,2,3,18.75,Yes
400,19.0,1,1,0,0,10.5,No
401,21.0,1,0,0,0,10.5,Yes
402,26.0,1,1,0,0,13.0,No
403,25.0,1,1,0,0,13.0,No
404,25.0,1,0,0,1,26.0,Yes
405,18.0,1,0,0,2,13.0,Yes
406,20.0,1,0,0,0,36.75,Yes
407,30.0,1,0,0,0,13.0,Yes
408,40.0,1,0,0,0,13.0,Yes
409,25.0,1,1,0,0,10.5,No
410,18.5,1,1,0,0,13.0,No
411,23.0,1,1,0,0,13.0,No
412,27.0,1,0,1,0,21.0,No
413,40.0,1,1,0,0,13.0,No
414,31.0,1,0,0,0,21.0,Yes
415,40.0,1,0,0,0,15.75,Yes
416,2.0,1,1,1,1,23.0,Yes
417,4.0,1,0,1,1,23.0,Yes
418,29.0,1,0,0,2,23.0,Yes
419,5.0,1,0,1,2,27.75,Yes
420,36.0,1,1,1,2,27.75,No
421,33.0,1,0,1,2,27.75,Yes
422,66.0,1,1,0,0,10.5,No
423,29.8811345124283,1,1,0,0,12.875,No
424,31.0,1,1,0,0,13.0,Yes
425,42.0,2,1,0,0,7.55,No
426,13.0,2,1,0,2,20.25,No
427,16.0,2,1,1,1,20.25,No
428,35.0,2,0,1,1,20.25,Yes
429,16.0,2,0,0,0,7.65,Yes
430,18.0,2,0,0,0,7.2292,Yes
431,26.0,2,1,0,0,8.05,No
432,40.0,2,0,1,0,9.475,No
433,0.8333,2,1,0,1,9.35,Yes
434,18.0,2,0,0,1,9.35,Yes
435,26.0,2,1,0,0,7.8875,No
436,20.0,2,1,0,0,7.925,No
437,24.0,2,1,0,0,7.05,No
438,35.0,2,1,0,0,8.05,No
439,18.0,2,1,0,0,8.3,No
440,19.0,2,0,1,0,7.8542,Yes
441,4.0,2,1,4,2,31.275,No
442,6.0,2,0,4,2,31.275,No
443,2.0,2,0,4,2,31.275,No
444,17.0,2,0,4,2,7.925,Yes
445,38.0,2,0,4,2,7.775,No
446,9.0,2,0,4,2,31.275,No
447,11.0,2,0,4,2,31.275,No
448,27.0,2,1,0,0,7.7958,Yes
449,39.0,2,0,1,5,31.275,No
450,20.0,2,1,0,0,7.8542,No
451,25.0,2,1,1,0,17.8,No
452,35.0,2,1,0,0,7.05,No
453,5.0,2,1,4,2,31.3875,No
454,9.0,2,1,4,2,31.3875,No
455,3.0,2,1,4,2,31.3875,Yes
456,5.0,2,0,4,2,31.3875,Yes
457,40.0,2,1,1,5,31.3875,No
458,45.0,2,0,0,0,7.225,Yes
459,21.0,2,1,0,0,7.225,No
460,23.0,2,1,0,0,7.05,No
461,13.0,2,0,0,0,7.2292,Yes
462,20.0,2,1,0,0,7.225,No
463,32.0,2,1,1,0,15.85,No
464,33.0,2,0,3,0,15.85,Yes
465,0.75,2,0,2,1,19.2583,Yes
466,5.0,2,0,2,1,19.2583,Yes
467,18.0,2,0,0,0,8.05,Yes
468,26.0,2,1,0,0,7.8958,No
469,20.0,2,1,0,0,7.2292,Yes
470,18.0,2,0,0,1,14.4542,No
471,45.0,2,0,0,1,14.4542,No
472,22.0,2,1,0,0,8.05,No
473,19.0,2,1,0,0,8.05,No
474,26.0,2,1,0,0,7.775,No
475,32.0,2,1,0,0,56.4958,Yes
476,18.0,2,1,0,0,7.75,No
477,26.0,2,1,0,0,7.8958,No
478,6.0,2,1,1,1,15.2458,No
479,9.0,2,0,1,1,15.2458,No
480,40.0,2,1,1,1,15.5,No
481,21.0,2,1,0,0,16.1,No
482,22.0,2,0,0,0,7.725,Yes
483,20.0,2,0,0,0,7.8542,No
484,22.0,2,1,1,0,7.25,No
485,22.0,2,1,0,0,7.7958,No
486,18.5,2,0,0,0,7.2833,No
487,19.0,2,1,0,0,6.75,No
488,18.0,2,0,0,0,7.8792,No
489,21.0,2,0,0,0,8.6625,No
490,30.0,2,0,0,0,8.6625,No
491,38.0,2,1,0,0,8.6625,No
492,17.0,2,1,0,0,8.6625,No
493,21.0,2,0,0,0,7.75,No
494,21.0,2,1,0,0,7.75,No
495,21.0,2,1,0,0,8.05,No
496,29.8811345124283,2,1,1,0,14.4583,No
497,29.8811345124283,2,0,1,0,14.4583,No
498,24.0,2,1,0,0,7.8542,No
499,28.0,2,1,0,0,7.25,No
500,24.0,2,1,0,0,8.05,No
501,21.0,2,1,0,0,7.7333,No
502,29.0,2,1,0,0,8.05,No
503,18.0,2,1,1,0,14.4542,No
504,18.0,2,1,0,0,8.05,Yes
505,24.0,2,1,0,0,7.25,No
506,36.0,2,1,0,0,7.4958,No
507,31.0,2,1,0,0,7.75,No
508,22.0,2,0,0,0,7.75,Yes
509,70.5,2,1,0,0,7.75,No
510,35.0,2,1,0,0,7.8958,No
511,27.0,2,1,0,0,7.8958,No
512,19.0,2,1,0,0,7.8958,No
513,30.0,2,1,0,0,8.05,No
514,9.0,2,1,1,1,15.9,Yes
515,3.0,2,1,1,1,15.9,Yes
516,59.0,2,1,0,0,7.25,No
517,17.0,2,0,0,1,16.1,Yes
518,44.0,2,1,0,1,16.1,No
519,17.0,2,1,0,0,8.6625,No
520,30.0,2,0,0,0,6.95,Yes
521,29.0,2,1,0,0,7.75,Yes
522,34.0,2,1,1,1,14.4,No
523,27.0,2,1,0,0,7.8958,No
524,25.0,2,1,0,0,7.8958,No
525,24.0,2,1,2,0,24.15,No
526,22.0,2,1,0,0,8.05,No
527,17.0,2,1,2,0,8.05,No
528,29.8811345124283,2,1,1,0,16.1,No
529,29.8811345124283,2,0,1,0,16.1,Yes
530,36.5,2,1,1,0,17.4,Yes
531,36.0,2,0,1,0,17.4,Yes
532,30.0,2,1,0,0,9.5,Yes
533,16.0,2,1,0,0,9.5,No
534,1.0,2,1,1,2,20.575,Yes
535,0.1667,2,0,1,2,20.575,Yes
536,33.0,2,0,1,2,20.575,Yes
537,25.0,2,1,0,0,7.8958,No
538,29.8811345124283,2,1,0,0,7.8958,No
539,36.0,2,1,0,0,7.25,No
540,19.0,2,0,0,0,7.8792,Yes
541,43.0,2,1,0,0,7.8958,No
542,29.8811345124283,2,1,0,0,7.2292,No
543,32.0,2,1,0,0,7.75,No
544,19.0,2,1,0,0,8.05,Yes
545,30.0,2,0,0,0,12.475,Yes
546,23.0,2,0,0,0,8.05,Yes
547,33.0,2,1,0,0,7.8958,No
548,65.0,2,1,0,0,7.75,No
549,24.0,2,1,0,0,7.55,Yes
550,23.0,2,1,1,0,13.9,No
551,22.0,2,0,1,0,13.9,Yes
552,18.0,2,1,0,0,7.775,No
553,16.0,2,1,0,0,7.775,No
554,45.0,2,1,0,0,6.975,No
555,29.8811345124283,2,1,0,0,7.225,No
556,17.0,2,1,1,1,7.2292,No
557,15.0,2,1,1,1,7.2292,No
558,5.0,2,0,0,0,12.475,Yes
559,29.8811345124283,2,1,0,0,7.225,No
560,40.5,2,1,0,0,15.1,No
561,40.5,2,1,0,0,7.75,No
562,18.0,2,1,0,0,7.7958,No
563,29.8811345124283,2,0,0,0,7.75,No
564,29.8811345124283,2,1,0,0,7.75,No
565,29.8811345124283,2,1,0,0,56.4958,Yes
566,9.0,2,0,2,2,34.375,No
567,29.8811345124283,2,1,0,0,8.05,No
568,18.0,2,1,2,2,34.375,No
569,48.0,2,0,1,3,34.375,No
570,29.8811345124283,2,1,0,0,7.75,No
571,29.8811345124283,2,1,0,0,7.25,No
572,25.0,2,1,0,0,7.7417,No
573,29.8811345124283,2,1,0,0,14.5,No
574,29.8811345124283,2,1,0,0,7.8958,No
575,16.0,2,0,0,0,7.7333,Yes
576,29.8811345124283,2,0,0,0,7.75,Yes
577,9.0,2,1,0,2,20.525,Yes
578,33.0,2,1,1,1,20.525,No
579,41.0,2,1,0,0,7.85,No
580,38.0,2,1,0,0,7.05,No
581,9.0,2,1,5,2,46.9,No
582,11.0,2,1,5,2,46.9,No
583,10.0,2,0,5,2,46.9,No
584,16.0,2,0,5,2,46.9,No
585,14.0,2,1,5,2,46.9,No
586,40.0,2,1,1,6,46.9,No
587,43.0,2,0,1,6,46.9,No
588,51.0,2,1,0,0,8.05,No
589,32.0,2,1,0,0,8.3625,No
590,29.8811345124283,2,1,0,0,8.05,No
591,37.0,2,1,2,0,7.925,No
592,28.0,2,1,2,0,7.925,No
593,24.0,2,0,0,0,8.85,No
594,17.0,2,0,0,0,7.7333,No
595,29.8811345124283,2,1,1,0,19.9667,No
596,28.0,2,1,1,0,15.85,No
597,23.5,2,1,0,0,7.2292,No
598,41.0,2,1,2,0,14.1083,No
599,26.0,2,1,1,0,7.8542,No
600,21.0,2,1,0,0,7.8542,No
601,45.0,2,0,1,0,14.1083,Yes
602,29.8811345124283,2,0,0,0,7.55,No
603,25.0,2,1,0,0,7.25,No
604,29.8811345124283,2,1,0,0,6.8583,No
605,29.8811345124283,2,0,0,0,7.75,Yes
606,29.8811345124283,2,1,0,0,56.4958,Yes
607,26.0,2,0,0,0,7.925,Yes
608,22.0,2,0,0,0,8.9625,Yes
609,28.0,2,1,0,0,7.8958,No
610,28.0,2,0,0,0,7.775,No
611,29.8811345124283,2,0,0,0,7.75,No
612,2.0,2,0,0,1,12.2875,Yes
613,28.0,2,1,0,0,22.525,No
614,27.0,2,0,0,0,7.925,Yes
615,42.0,2,1,0,0,7.65,No
616,29.8811345124283,2,1,0,0,7.8875,Yes
617,30.0,2,1,0,0,7.2292,No
618,27.0,2,0,1,0,7.925,No
619,29.8811345124283,2,1,0,0,7.8958,No
620,29.0,2,1,0,0,7.8958,Yes
621,21.0,2,1,0,0,7.7958,Yes
622,29.8811345124283,2,1,0,0,7.05,No
623,20.0,2,1,0,0,7.8542,No
624,48.0,2,1,0,0,7.8542,No
625,17.0,2,1,1,0,7.0542,No
626,29.8811345124283,2,0,0,0,7.75,Yes
627,34.0,2,1,0,0,6.4958,No
628,26.0,2,1,0,0,7.775,Yes
629,22.0,2,1,0,0,7.7958,No
630,33.0,2,1,0,0,8.6542,No
631,4.0,2,1,1,1,11.1333,Yes
632,1.0,2,0,1,1,11.1333,Yes
633,49.0,2,1,0,0,0.0,No
634,19.0,2,1,0,0,0.0,No
635,27.0,2,0,0,2,11.1333,Yes
636,29.8811345124283,2,1,1,2,23.45,No
637,29.8811345124283,2,0,1,2,23.45,No
638,29.8811345124283,2,1,1,2,23.45,No
639,32.0,2,1,0,0,7.8542,Yes
640,27.0,2,1,0,0,7.8542,No
641,20.0,2,0,1,0,9.825,No
642,21.0,2,0,1,0,9.825,No
643,32.0,2,1,0,0,7.925,Yes
644,17.0,2,1,0,0,7.125,No
645,21.0,2,1,0,0,8.4333,No
646,21.0,2,1,0,0,7.7958,Yes
647,33.0,2,1,0,0,7.8542,No
648,22.0,2,1,0,0,7.5208,No
649,4.0,2,0,0,1,13.4167,Yes
650,39.0,2,1,0,1,13.4167,Yes
651,29.8811345124283,2,1,0,0,7.2292,No
652,18.5,2,1,0,0,7.2292,No
653,29.8811345124283,2,1,0,0,7.75,No
654,29.8811345124283,2,0,0,0,7.75,Yes
655,29.8811345124283,2,0,0,0,7.75,Yes
656,34.5,2,1,0,0,7.8292,No
657,29.8811345124283,2,1,0,0,7.75,Yes
658,29.8811345124283,2,1,1,0,14.4542,No
659,29.8811345124283,2,0,1,0,14.4542,No
660,29.8811345124283,2,1,1,0,7.75,No
661,29.8811345124283,2,1,1,0,7.75,No
662,29.0,2,1,3,1,22.025,Yes
663,26.0,2,0,1,1,22.025,Yes
664,1.0,2,0,1,1,12.1833,No
665,18.0,2,1,1,1,7.8542,No
666,36.0,2,0,0,2,12.1833,No
667,25.0,2,1,0,0,7.2292,Yes
668,37.0,2,0,0,0,9.5875,No
669,29.8811345124283,2,1,0,0,7.8958,No
670,29.8811345124283,2,1,0,0,56.4958,Yes
671,22.0,2,0,0,0,7.25,Yes
672,29.8811345124283,2,1,0,0,7.75,No
673,29.0,2,1,0,0,9.4833,No
674,29.0,2,1,0,0,7.775,No
675,29.8811345124283,2,1,3,1,25.4667,No
676,29.8811345124283,2,0,3,1,25.4667,No
677,29.8811345124283,2,0,3,1,25.4667,No
678,29.8811345124283,2,0,0,4,25.4667,No
679,32.0,2,1,0,0,7.925,No
680,34.5,2,1,0,0,6.4375,No
681,29.8811345124283,2,1,1,0,15.5,No
682,39.0,2,1,0,0,24.15,No
683,25.0,2,0,0,0,7.775,No
684,36.0,2,1,1,0,15.55,No
685,30.0,2,0,1,0,15.55,No
686,20.0,2,1,1,0,7.925,Yes
687,29.8811345124283,2,1,0,0,7.8792,No
688,28.0,2,1,0,0,56.4958,No
689,30.0,2,1,1,0,16.1,No
690,26.0,2,0,1,0,16.1,No
691,29.8811345124283,2,1,0,0,7.8792,No
692,20.5,2,1,0,0,7.25,No
693,51.0,2,1,0,0,7.0542,No
694,23.0,2,0,0,0,7.8542,Yes
695,32.0,2,1,0,0,7.5792,Yes
696,29.8811345124283,2,1,0,0,7.55,No
697,29.8811345124283,2,0,0,0,7.75,Yes
698,24.0,2,1,0,0,7.1417,Yes
699,22.0,2,1,0,0,7.125,No
700,29.8811345124283,2,0,0,0,7.8792,No
701,29.8811345124283,2,1,0,0,7.75,No
702,29.8811345124283,2,1,0,0,8.05,No
703,29.0,2,1,0,0,7.925,No
704,30.5,2,0,0,0,7.75,No
705,29.8811345124283,2,1,0,0,7.2292,No
706,33.0,2,1,0,0,7.8958,No
707,29.8811345124283,2,1,0,0,7.8958,No
708,29.8811345124283,2,0,0,0,7.75,Yes
709,29.8811345124283,2,1,0,0,7.75,Yes
710,29.8811345124283,2,0,2,0,23.25,Yes
711,29.8811345124283,2,0,2,0,23.25,Yes
712,29.8811345124283,2,1,2,0,23.25,Yes
713,29.8811345124283,2,0,0,0,7.7875,Yes
714,29.8811345124283,2,0,0,0,7.8792,Yes
715,15.0,2,0,0,0,8.0292,Yes
716,35.0,2,0,0,0,7.75,No
717,29.8811345124283,2,1,0,0,7.75,No
718,24.0,2,1,1,0,16.1,No
719,29.8811345124283,2,0,0,0,8.05,No
720,29.8811345124283,2,0,0,0,8.05,No
721,29.8811345124283,2,1,0,0,7.75,No
722,21.0,2,1,0,0,7.775,Yes
723,24.0,2,1,0,0,7.8958,No
724,21.0,2,1,0,0,7.8958,No
725,29.8811345124283,2,0,0,0,7.8792,Yes
726,6.0,2,1,0,1,12.475,Yes
727,27.0,2,0,0,1,12.475,Yes
728,29.8811345124283,2,1,0,0,8.05,No
729,29.8811345124283,2,0,1,0,24.15,Yes
730,29.8811345124283,2,1,1,0,24.15,No
731,29.8811345124283,2,1,0,0,8.4583,No
732,34.0,2,1,0,0,8.05,No
733,29.8811345124283,2,1,0,0,7.75,No
734,29.8811345124283,2,1,0,0,7.775,Yes
735,29.8811345124283,2,1,1,1,15.2458,Yes
736,29.8811345124283,2,0,0,0,7.7333,Yes
737,24.0,2,0,0,0,7.75,Yes
738,29.8811345124283,2,0,1,0,15.5,Yes
739,29.8811345124283,2,0,1,0,15.5,Yes
740,29.8811345124283,2,0,0,0,15.5,Yes
741,18.0,2,1,0,0,7.75,No
742,15.0,2,0,0,0,7.225,Yes
743,29.8811345124283,2,1,0,0,7.8958,No
744,29.8811345124283,2,1,0,0,7.2292,No
745,29.8811345124283,2,0,0,0,7.75,No
746,29.8811345124283,2,1,0,0,7.8958,No
747,12.0,2,1,1,0,11.2417,Yes
748,14.0,2,0,1,0,11.2417,Yes
749,18.0,2,0,0,0,7.775,Yes
750,26.0,2,0,0,0,7.8542,Yes
751,21.0,2,1,0,0,7.8542,No
752,41.0,2,1,0,0,7.125,No
753,39.0,2,1,0,0,7.925,Yes
754,21.0,2,1,0,0,7.8,No
755,28.5,2,1,0,0,7.2292,No
756,22.0,2,0,0,0,7.75,Yes
757,61.0,2,1,0,0,6.2375,No
758,29.8811345124283,2,0,1,0,15.5,Yes
759,29.8811345124283,2,1,0,0,7.7333,No
760,29.8811345124283,2,1,0,0,7.75,No
761,23.0,2,1,0,0,9.225,No
762,29.8811345124283,2,0,0,0,7.75,Yes
763,22.0,2,0,0,0,7.775,Yes
764,29.8811345124283,2,0,0,0,7.8292,Yes
765,9.0,2,1,0,1,3.1708,Yes
766,28.0,2,1,0,0,22.525,No
767,42.0,2,1,0,1,8.4042,No
768,31.0,2,0,0,0,7.8542,No
769,28.0,2,1,0,0,7.8542,No
770,20.0,2,1,0,0,9.225,No
771,23.0,2,0,0,0,8.6625,No
772,20.0,2,1,0,0,8.6625,No
773,16.0,2,1,0,0,9.2167,No
774,31.0,2,0,0,0,8.6833,Yes
775,29.8811345124283,2,0,0,0,7.6292,No
776,6.0,2,1,3,1,21.075,No
777,3.0,2,0,3,1,21.075,No
778,8.0,2,0,3,1,21.075,No
779,29.0,2,0,0,4,21.075,No
780,1.0,2,1,4,1,39.6875,No
781,2.0,2,1,4,1,39.6875,No
782,16.0,2,1,4,1,39.6875,No
783,14.0,2,1,4,1,39.6875,No
784,41.0,2,0,0,5,39.6875,No
785,21.0,2,1,0,0,8.6625,No
786,32.0,2,1,0,0,7.8958,No
787,0.75,2,1,1,1,13.775,No
788,26.0,2,0,0,2,13.775,No
789,29.8811345124283,2,1,0,0,7.0,No
790,29.8811345124283,2,1,0,0,8.05,No
791,21.0,2,1,0,0,7.925,No
792,22.0,2,1,0,0,7.25,No
793,25.0,2,1,1,0,7.775,Yes
794,29.8811345124283,2,1,1,1,22.3583,Yes
795,29.8811345124283,2,0,0,2,22.3583,Yes
796,29.8811345124283,2,0,0,0,8.1375,No
797,24.0,2,1,0,0,8.05,No
798,28.0,2,0,0,0,7.8958,No
799,19.0,2,1,0,0,7.8958,No
800,29.8811345124283,2,1,0,0,7.8958,No
801,25.0,2,1,1,0,7.775,No
802,32.0,2,1,0,0,8.05,Yes
803,29.8811345124283,2,1,0,0,7.8958,No
804,17.0,2,1,0,0,8.6625,No
805,24.0,2,1,0,0,8.6625,No
806,29.8811345124283,2,1,0,0,7.8958,No
807,29.8811345124283,2,1,0,0,7.2292,No
808,29.8811345124283,2,1,0,0,7.25,No
809,38.0,2,1,0,0,7.8958,No
810,21.0,2,1,0,0,8.05,No
811,4.0,2,1,4,1,29.125,No
812,7.0,2,1,4,1,29.125,No
813,2.0,2,1,4,1,29.125,No
814,8.0,2,1,4,1,29.125,No
815,39.0,2,0,0,5,29.125,No
816,35.0,2,1,0,0,7.125,No
817,50.0,2,1,1,0,14.5,No
818,29.8811345124283,2,1,0,0,8.05,No
819,2.0,2,0,1,1,20.2125,No
820,18.0,2,1,1,1,20.2125,No
821,29.8811345124283,2,1,0,0,7.75,Yes
822,29.8811345124283,2,1,0,0,7.2292,No
823,25.0,2,1,0,0,7.225,No
824,29.8811345124283,2,1,0,0,7.225,No
825,29.8811345124283,2,1,0,0,7.7292,No
826,29.8811345124283,2,1,0,0,7.575,No
827,29.8811345124283,2,1,8,2,69.55,No
828,14.5,2,1,8,2,69.55,No
829,29.8811345124283,2,1,8,2,69.55,No
830,29.8811345124283,2,1,8,2,69.55,No
831,29.8811345124283,2,1,1,9,69.55,No
832,24.0,2,1,0,0,9.325,No
833,21.0,2,0,0,0,7.65,Yes
834,29.8811345124283,2,1,2,0,21.6792,No
835,29.8811345124283,2,1,2,0,21.6792,No
836,29.8811345124283,2,1,2,0,21.6792,No
837,1.0,2,0,1,1,16.7,Yes
838,24.0,2,0,0,2,16.7,Yes
839,4.0,2,0,1,1,16.7,Yes
840,25.0,2,1,0,0,9.5,Yes
841,20.0,2,1,0,0,8.05,No
842,24.5,2,1,0,0,8.05,No
843,29.8811345124283,2,1,0,0,15.1,No
844,29.8811345124283,2,1,0,0,8.05,No
845,22.0,2,1,0,0,7.2292,No
846,29.8811345124283,2,1,0,0,8.05,No
847,18.0,2,0,0,0,7.4958,Yes
848,9.0,2,0,3,2,27.9,No
849,2.0,2,0,3,2,27.9,No
850,40.0,2,1,1,4,27.9,No
851,45.0,2,0,1,4,27.9,No
852,29.8811345124283,2,1,0,0,8.05,No
853,29.8811345124283,2,0,0,0,7.7333,Yes
854,19.0,2,1,0,0,7.65,No
855,29.8811345124283,2,1,0,0,8.05,No
856,29.8811345124283,2,1,0,0,7.8958,No
857,23.0,2,0,0,0,7.55,Yes
858,21.0,2,1,0,0,8.05,No
859,19.0,2,1,0,0,7.8958,No
860,22.0,2,0,0,0,9.8375,No
861,31.0,2,1,0,0,7.925,Yes
862,27.0,2,1,0,0,8.6625,No
863,2.0,2,0,0,1,10.4625,No
864,29.0,2,0,1,1,10.4625,No
865,16.0,2,1,0,0,8.05,Yes
866,25.0,2,1,0,0,7.05,No
867,74.0,2,1,0,0,7.775,No
868,24.0,2,1,0,0,7.7958,No
869,34.0,2,1,0,0,8.05,No
870,29.8811345124283,2,1,1,0,6.4375,No
871,29.8811345124283,2,1,0,0,7.225,No
872,16.0,2,0,1,1,8.5167,Yes
873,29.8811345124283,2,1,1,0,16.1,No
874,32.0,2,1,0,0,7.925,No
875,29.8811345124283,2,1,0,0,7.8958,No
876,29.8811345124283,2,1,0,0,7.2292,No
877,9.0,2,0,1,1,15.2458,Yes
878,36.0,2,1,0,0,7.8958,No
879,18.0,2,0,0,0,9.8417,Yes
880,63.0,2,0,0,0,9.5875,Yes
881,40.5,2,1,0,2,14.5,No
882,36.0,2,1,1,1,24.15,No
883,33.0,2,1,0,0,9.5,No
884,28.0,2,1,0,0,9.5,No
885,28.0,2,1,0,0,9.5,No
886,18.0,2,0,2,0,18.0,No
887,31.0,2,1,3,0,18.0,No
888,16.0,2,1,2,0,18.0,No
889,22.0,2,1,0,0,7.225,Yes
890,20.0,2,1,0,0,7.8542,No
891,14.0,2,0,0,0,7.8542,No
892,22.0,2,1,0,0,7.8958,No
893,22.0,2,1,0,0,9.0,No
894,29.8811345124283,2,1,0,0,8.05,No
895,29.8811345124283,2,1,0,0,8.05,No
896,32.5,2,1,0,0,9.5,No
897,38.0,2,0,0,0,7.2292,Yes
898,51.0,2,1,0,0,7.75,No
899,21.0,2,1,1,0,6.4958,No
900,47.0,2,0,1,0,7.0,Yes
901,29.8811345124283,2,1,0,0,8.7125,No
902,29.8811345124283,2,1,0,0,7.55,No
903,29.8811345124283,2,1,0,0,8.05,No
904,21.0,2,1,0,0,7.25,No
905,27.0,2,1,0,0,8.6625,No
906,29.8811345124283,2,1,0,0,7.25,No
907,36.0,2,1,0,0,9.5,No
908,27.0,2,1,1,0,14.4542,No
909,15.0,2,0,1,0,14.4542,Yes
910,45.5,2,1,0,0,7.225,No
911,29.8811345124283,2,1,0,0,7.225,No
912,29.8811345124283,2,1,0,0,14.4583,No
913,14.5,2,0,1,0,14.4542,No
914,26.5,2,1,0,0,7.225,No
915,27.0,2,1,0,0,7.225,No
